{
    "sub-k":49,
    "confidence_score":[
        0.0,
        0.0,
        0.0,
        0.0,
        0.0,
        0.0,
        0.0,
        0.0,
        0.0,
        0.0,
        0.0,
        0.0,
        0.0,
        0.0,
        0.0,
        0.0,
        0.0,
        0.0,
        0.0,
        0.0,
        0.0,
        0.0,
        0.0,
        0.0,
        0.0,
        0.0,
        0.0,
        0.0,
        0.0,
        0.0,
        0.0,
        0.0,
        0.0,
        0.0,
        0.0,
        0.0,
        0.0,
        0.0,
        0.0,
        0.0,
        0.0,
        0.0,
        0.0,
        0.0,
        0.0,
        0.0,
        0.0,
        0.0,
        0.0
    ],
    "effectiveness_score":[
        0.0,
        0.445556640625,
        0.645751953125,
        0.813720703125,
        0.9871826171875,
        1.128173828125,
        1.27490234375,
        1.4466552734375,
        1.5718994140625,
        1.701416015625,
        1.82861328125,
        1.965087890625,
        2.1024169921875,
        2.2352294921875,
        2.3621826171875,
        2.4798583984375,
        2.6092529296875,
        2.738037109375,
        2.8524169921875,
        2.9661865234375,
        3.077880859375,
        3.1890869140625,
        3.2996826171875,
        3.416748046875,
        3.5263671875,
        3.6285400390625,
        3.7259521484375,
        3.8326416015625,
        3.944091796875,
        4.044189453125,
        4.147705078125,
        4.244873046875,
        4.35052490234375,
        4.442138671875,
        4.5335693359375,
        4.630126953125,
        4.7259521484375,
        4.8189697265625,
        4.9285888671875,
        5.01910400390625,
        5.10992431640625,
        5.2060546875,
        5.32025146484375,
        5.409912109375,
        5.4803466796875,
        5.54779052734375,
        5.6109619140625,
        5.66754150390625,
        5.70269775390625
    ],
    "consistency_score":[
        0.0010251998901367188,
        0.0010013580322265625,
        0.001010894775390625,
        0.0010051727294921875,
        0.0009927749633789062,
        0.0010004043579101562,
        0.0009984970092773438,
        0.0010061264038085938,
        0.001003265380859375,
        0.0009984970092773438,
        0.0009975433349609375,
        0.0009984970092773438,
        0.0009984970092773438,
        0.0010023117065429688,
        0.0009984970092773438,
        0.0009984970092773438,
        0.0009984970092773438,
        0.0009975433349609375,
        0.0009975433349609375,
        0.0010061264038085938,
        0.00099945068359375,
        0.0010061264038085938,
        0.0010089874267578125,
        0.0010089874267578125,
        0.00101470947265625,
        0.001018524169921875,
        0.0010223388671875,
        0.0010232925415039062,
        0.00101470947265625,
        0.0010175704956054688,
        0.00101470947265625,
        0.0010128021240234375,
        0.0010137557983398438,
        0.0010156631469726562,
        0.0010175704956054688,
        0.0010166168212890625,
        0.00101470947265625,
        0.0010156631469726562,
        0.0010128021240234375,
        0.0010156631469726562,
        0.00101470947265625,
        0.0010061264038085938,
        0.0010089874267578125,
        0.00101470947265625,
        0.0010137557983398438,
        0.0010128021240234375,
        0.001007080078125,
        0.0010004043579101562,
        0.0010156631469726562
    ],
    "collaboration_score":[
        0.9990234375,
        0.9990234375,
        0.9990234375,
        0.9990234375,
        0.9990234375,
        0.9990234375,
        0.9990234375,
        0.9990234375,
        0.9990234375,
        0.9990234375,
        0.9990234375,
        0.9990234375,
        0.9990234375,
        0.9990234375,
        0.9990234375,
        0.9990234375,
        0.9990234375,
        0.9990234375,
        0.9990234375,
        0.9990234375,
        0.9990234375,
        0.9990234375,
        0.9990234375,
        0.9990234375,
        0.9990234375,
        0.9990234375,
        0.9990234375,
        0.9990234375,
        0.9990234375,
        0.9990234375,
        0.9990234375,
        0.9990234375,
        0.9990234375,
        0.9990234375,
        0.9990234375,
        0.9990234375,
        0.9990234375,
        0.9990234375,
        0.9990234375,
        0.9990234375,
        0.9990234375,
        0.9990234375,
        0.9990234375,
        0.9990234375,
        0.9990234375,
        0.9990234375,
        0.9990234375,
        0.9990234375,
        0.9990234375
    ],
    "smdl_score":[
        1.0000486373901367,
        1.0223026275634766,
        1.0323219299316406,
        1.0407146215438843,
        1.049375295639038,
        1.0564324855804443,
        1.0637670755386353,
        1.0723623037338257,
        1.0786216259002686,
        1.0850927829742432,
        1.091451644897461,
        1.0982763767242432,
        1.1051428318023682,
        1.11178719997406,
        1.1181310415267944,
        1.1240148544311523,
        1.1304845809936523,
        1.136922836303711,
        1.1426417827606201,
        1.1483389139175415,
        1.1539169549942017,
        1.1594839096069336,
        1.165016531944275,
        1.1708698272705078,
        1.176356554031372,
        1.1814689636230469,
        1.1863434314727783,
        1.191678762435913,
        1.1972427368164062,
        1.2022504806518555,
        1.207423448562622,
        1.2122799158096313,
        1.2175633907318115,
        1.2221460342407227,
        1.2267194986343384,
        1.231546401977539,
        1.2363357543945312,
        1.2409875392913818,
        1.2464656829833984,
        1.250994324684143,
        1.2555344104766846,
        1.2603323459625244,
        1.2660449743270874,
        1.270533800125122,
        1.2740545272827148,
        1.277425765991211,
        1.28057861328125,
        1.2834008932113647,
        1.285174012184143
    ],
    "lambda1":0.0,
    "lambda2":0.05,
    "lambda3":1.0,
    "lambda4":1.0,
    "smdl_score_max":1.285174012184143,
    "smdl_score_max_index":48
}