{
    "sub-k":49,
    "confidence_score":[
        0.0,
        0.0,
        0.0,
        0.0,
        0.0,
        0.0,
        0.0,
        0.0,
        0.0,
        0.0,
        0.0,
        0.0,
        0.0,
        0.0,
        0.0,
        0.0,
        0.0,
        0.0,
        0.0,
        0.0,
        0.0,
        0.0,
        0.0,
        0.0,
        0.0,
        0.0,
        0.0,
        0.0,
        0.0,
        0.0,
        0.0,
        0.0,
        0.0,
        0.0,
        0.0,
        0.0,
        0.0,
        0.0,
        0.0,
        0.0,
        0.0,
        0.0,
        0.0,
        0.0,
        0.0,
        0.0,
        0.0,
        0.0,
        0.0
    ],
    "effectiveness_score":[
        0.0,
        0.45166015625,
        0.662841796875,
        0.8096923828125,
        0.968505859375,
        1.1435546875,
        1.31005859375,
        1.468505859375,
        1.61181640625,
        1.7515869140625,
        1.8870849609375,
        2.03369140625,
        2.1683349609375,
        2.3095703125,
        2.44140625,
        2.580078125,
        2.71533203125,
        2.8460693359375,
        2.974853515625,
        3.095947265625,
        3.2205810546875,
        3.342529296875,
        3.4539794921875,
        3.5626220703125,
        3.6761474609375,
        3.7940673828125,
        3.90374755859375,
        4.0089111328125,
        4.10699462890625,
        4.20806884765625,
        4.3076171875,
        4.40618896484375,
        4.51171875,
        4.60870361328125,
        4.70025634765625,
        4.788818359375,
        4.8780517578125,
        4.9652099609375,
        5.042236328125,
        5.1259765625,
        5.20281982421875,
        5.2772216796875,
        5.34967041015625,
        5.41534423828125,
        5.46929931640625,
        5.49346923828125,
        5.55902099609375,
        5.6121826171875,
        5.65484619140625
    ],
    "consistency_score":[
        0.0010290145874023438,
        0.00102996826171875,
        0.0010280609130859375,
        0.0010251998901367188,
        0.0010232925415039062,
        0.0010128021240234375,
        0.0010118484497070312,
        0.0010089874267578125,
        0.0010080337524414062,
        0.0009813308715820312,
        0.0009751319885253906,
        0.0009708404541015625,
        0.0009608268737792969,
        0.0009589195251464844,
        0.0009589195251464844,
        0.0009593963623046875,
        0.0009565353393554688,
        0.0009565353393554688,
        0.0009546279907226562,
        0.0009551048278808594,
        0.0009560585021972656,
        0.0009570121765136719,
        0.0009598731994628906,
        0.0009617805480957031,
        0.0009622573852539062,
        0.0009622573852539062,
        0.0009641647338867188,
        0.0009660720825195312,
        0.0009679794311523438,
        0.0009670257568359375,
        0.0009660720825195312,
        0.0009660720825195312,
        0.000972747802734375,
        0.0009713172912597656,
        0.0009741783142089844,
        0.0009722709655761719,
        0.0009717941284179688,
        0.0009722709655761719,
        0.0009732246398925781,
        0.0009751319885253906,
        0.0009765625,
        0.0009794235229492188,
        0.0009775161743164062,
        0.0009760856628417969,
        0.0009741783142089844,
        0.0009737014770507812,
        0.0009746551513671875,
        0.0009760856628417969,
        0.0009813308715820312
    ],
    "collaboration_score":[
        0.9990234375,
        0.9990234375,
        0.9990234375,
        0.9990234375,
        0.9990234375,
        0.9990234375,
        0.9990234375,
        0.9990234375,
        0.9990234375,
        0.9990234375,
        0.9990234375,
        0.9990234375,
        0.9990234375,
        0.9990234375,
        0.9990234375,
        0.9990234375,
        0.9990234375,
        0.9990234375,
        0.9990234375,
        0.9990234375,
        0.9990234375,
        0.9990234375,
        0.9990234375,
        0.9990234375,
        0.9990234375,
        0.9990234375,
        0.9990234375,
        0.9990234375,
        0.9990234375,
        0.9990234375,
        0.9990234375,
        0.9990234375,
        0.9990234375,
        0.9990234375,
        0.9990234375,
        0.9990234375,
        0.9990234375,
        0.9990234375,
        0.9990234375,
        0.9990234375,
        0.9990234375,
        0.9990234375,
        0.9990234375,
        0.9990234375,
        0.9990234375,
        0.9990234375,
        0.9990234375,
        0.9990234375,
        0.9990234375
    ],
    "smdl_score":[
        1.0000524520874023,
        1.0226364135742188,
        1.033193588256836,
        1.0405333042144775,
        1.0484720468521118,
        1.0572140216827393,
        1.0655381679534912,
        1.0734577178955078,
        1.0806223154067993,
        1.087584137916565,
        1.0943528413772583,
        1.1016788482666016,
        1.1084010601043701,
        1.1154608726501465,
        1.1220526695251465,
        1.1289867162704468,
        1.1357465982437134,
        1.1422834396362305,
        1.1487207412719727,
        1.154775857925415,
        1.161008596420288,
        1.1671068668365479,
        1.172682285308838,
        1.1781163215637207,
        1.183793067932129,
        1.189689040184021,
        1.1951749324798584,
        1.2004350423812866,
        1.205341100692749,
        1.2103939056396484,
        1.2153704166412354,
        1.2202990055084229,
        1.2255821228027344,
        1.2304298877716064,
        1.2350103855133057,
        1.2394366264343262,
        1.243897795677185,
        1.2482562065124512,
        1.2521084547042847,
        1.2562973499298096,
        1.2601410150527954,
        1.2638639211654663,
        1.267484426498413,
        1.2707667350769043,
        1.2734625339508057,
        1.2746706008911133,
        1.2779490947723389,
        1.2806086540222168,
        1.2827470302581787
    ],
    "lambda1":0.0,
    "lambda2":0.05,
    "lambda3":1.0,
    "lambda4":1.0,
    "smdl_score_max":1.2827470302581787,
    "smdl_score_max_index":48
}