{
    "sub-k":49,
    "confidence_score":[
        0.0,
        0.0,
        0.0,
        0.0,
        0.0,
        0.0,
        0.0,
        0.0,
        0.0,
        0.0,
        0.0,
        0.0,
        0.0,
        0.0,
        0.0,
        0.0,
        0.0,
        0.0,
        0.0,
        0.0,
        0.0,
        0.0,
        0.0,
        0.0,
        0.0,
        0.0,
        0.0,
        0.0,
        0.0,
        0.0,
        0.0,
        0.0,
        0.0,
        0.0,
        0.0,
        0.0,
        0.0,
        0.0,
        0.0,
        0.0,
        0.0,
        0.0,
        0.0,
        0.0,
        0.0,
        0.0,
        0.0,
        0.0,
        0.0
    ],
    "effectiveness_score":[
        0.0,
        0.529296875,
        0.741455078125,
        0.93994140625,
        1.131591796875,
        1.2796630859375,
        1.4290771484375,
        1.585205078125,
        1.7327880859375,
        1.8570556640625,
        1.9942626953125,
        2.1204833984375,
        2.2347412109375,
        2.3582763671875,
        2.4761962890625,
        2.6072998046875,
        2.7349853515625,
        2.8406982421875,
        2.9453125,
        3.046142578125,
        3.150146484375,
        3.25439453125,
        3.3587646484375,
        3.44915771484375,
        3.53704833984375,
        3.62017822265625,
        3.72186279296875,
        3.80377197265625,
        3.8829345703125,
        3.95684814453125,
        4.037841796875,
        4.12359619140625,
        4.215087890625,
        4.29278564453125,
        4.37896728515625,
        4.45574951171875,
        4.52777099609375,
        4.6024169921875,
        4.6710205078125,
        4.74053955078125,
        4.80731201171875,
        4.87200927734375,
        4.94122314453125,
        5.01104736328125,
        5.08551025390625,
        5.1329345703125,
        5.17938232421875,
        5.23681640625,
        5.254638671875
    ],
    "consistency_score":[
        0.001026153564453125,
        0.0010061264038085938,
        0.0010156631469726562,
        0.0010223388671875,
        0.0010633468627929688,
        0.0010519027709960938,
        0.00104522705078125,
        0.0010395050048828125,
        0.0010595321655273438,
        0.0010576248168945312,
        0.0010509490966796875,
        0.0010585784912109375,
        0.001071929931640625,
        0.0010747909545898438,
        0.0010843276977539062,
        0.0010881423950195312,
        0.0011091232299804688,
        0.0010986328125,
        0.0010957717895507812,
        0.0010938644409179688,
        0.001129150390625,
        0.0011320114135742188,
        0.0011396408081054688,
        0.0011453628540039062,
        0.0011415481567382812,
        0.0011425018310546875,
        0.0011444091796875,
        0.0011358261108398438,
        0.001129150390625,
        0.0011243820190429688,
        0.0011243820190429688,
        0.0011272430419921875,
        0.0011234283447265625,
        0.0011224746704101562,
        0.001117706298828125,
        0.0011196136474609375,
        0.0011157989501953125,
        0.0011148452758789062,
        0.0011119842529296875,
        0.0011129379272460938,
        0.0011138916015625,
        0.0011129379272460938,
        0.0011119842529296875,
        0.0011129379272460938,
        0.0011138916015625,
        0.0011081695556640625,
        0.0011034011840820312,
        0.0011072158813476562,
        0.0011386871337890625
    ],
    "collaboration_score":[
        0.9990234375,
        0.9990234375,
        0.9990234375,
        0.9990234375,
        0.9990234375,
        0.9990234375,
        0.9990234375,
        0.9990234375,
        0.9990234375,
        0.9990234375,
        0.9990234375,
        0.9990234375,
        0.9990234375,
        0.9990234375,
        0.9990234375,
        0.9990234375,
        0.9990234375,
        0.9990234375,
        0.9990234375,
        0.9990234375,
        0.9990234375,
        0.9990234375,
        0.9990234375,
        0.9990234375,
        0.9990234375,
        0.9990234375,
        0.9990234375,
        0.9990234375,
        0.9990234375,
        0.9990234375,
        0.9990234375,
        0.9990234375,
        0.9990234375,
        0.9990234375,
        0.9990234375,
        0.9990234375,
        0.9990234375,
        0.9990234375,
        0.9990234375,
        0.9990234375,
        0.9990234375,
        0.9990234375,
        0.9990234375,
        0.9990234375,
        0.9990234375,
        0.9990234375,
        0.9990234375,
        0.9990234375,
        0.9990234375
    ],
    "smdl_score":[
        1.0000495910644531,
        1.0264943838119507,
        1.0371118783950806,
        1.0470428466796875,
        1.056666374206543,
        1.064058542251587,
        1.0715224742889404,
        1.079323172569275,
        1.0867223739624023,
        1.0929338932037354,
        1.0997874736785889,
        1.106106162071228,
        1.1118323802947998,
        1.1180120706558228,
        1.123917579650879,
        1.1304765939712524,
        1.1368818283081055,
        1.142156958580017,
        1.1473848819732666,
        1.1524244546890259,
        1.157659888267517,
        1.1628751754760742,
        1.1681013107299805,
        1.1726267337799072,
        1.1770174503326416,
        1.181174874305725,
        1.1862609386444092,
        1.1903479099273682,
        1.194299340248108,
        1.1979901790618896,
        1.2020399570465088,
        1.2063305377960205,
        1.2109012603759766,
        1.2147852182388306,
        1.2190895080566406,
        1.2229305505752563,
        1.2265278100967407,
        1.2302591800689697,
        1.2336864471435547,
        1.2371633052825928,
        1.240502953529358,
        1.2437368631362915,
        1.2471965551376343,
        1.2506887912750244,
        1.2544128894805908,
        1.256778359413147,
        1.2590959072113037,
        1.2619714736938477,
        1.2628940343856812
    ],
    "lambda1":0.0,
    "lambda2":0.05,
    "lambda3":1.0,
    "lambda4":1.0,
    "smdl_score_max":1.2628940343856812,
    "smdl_score_max_index":48
}