{
    "sub-k":49,
    "confidence_score":[
        0.0,
        0.0,
        0.0,
        0.0,
        0.0,
        0.0,
        0.0,
        0.0,
        0.0,
        0.0,
        0.0,
        0.0,
        0.0,
        0.0,
        0.0,
        0.0,
        0.0,
        0.0,
        0.0,
        0.0,
        0.0,
        0.0,
        0.0,
        0.0,
        0.0,
        0.0,
        0.0,
        0.0,
        0.0,
        0.0,
        0.0,
        0.0,
        0.0,
        0.0,
        0.0,
        0.0,
        0.0,
        0.0,
        0.0,
        0.0,
        0.0,
        0.0,
        0.0,
        0.0,
        0.0,
        0.0,
        0.0,
        0.0,
        0.0
    ],
    "effectiveness_score":[
        0.0,
        0.5205078125,
        0.671875,
        0.866943359375,
        1.0467529296875,
        1.2310791015625,
        1.3748779296875,
        1.514892578125,
        1.64111328125,
        1.772705078125,
        1.9107666015625,
        2.063232421875,
        2.189453125,
        2.3092041015625,
        2.427490234375,
        2.5350341796875,
        2.647216796875,
        2.7547607421875,
        2.858154296875,
        2.9752197265625,
        3.07666015625,
        3.15765380859375,
        3.248779296875,
        3.3377685546875,
        3.43243408203125,
        3.51910400390625,
        3.60162353515625,
        3.6861572265625,
        3.77288818359375,
        3.8582763671875,
        3.94244384765625,
        4.02276611328125,
        4.11737060546875,
        4.195556640625,
        4.26995849609375,
        4.33734130859375,
        4.403564453125,
        4.47137451171875,
        4.53656005859375,
        4.60400390625,
        4.67205810546875,
        4.7430419921875,
        4.80780029296875,
        4.8564453125,
        4.90826416015625,
        4.96990966796875,
        5.00213623046875,
        5.0330810546875,
        5.05413818359375
    ],
    "consistency_score":[
        0.001010894775390625,
        0.0009832382202148438,
        0.0009832382202148438,
        0.0009851455688476562,
        0.0009737014770507812,
        0.0009737014770507812,
        0.0009675025939941406,
        0.0009713172912597656,
        0.0009722709655761719,
        0.0009708404541015625,
        0.000972747802734375,
        0.0009717941284179688,
        0.0009784698486328125,
        0.0009765625,
        0.0009870529174804688,
        0.000980377197265625,
        0.0009832382202148438,
        0.0009737014770507812,
        0.0009732246398925781,
        0.0009713172912597656,
        0.000980377197265625,
        0.0009794235229492188,
        0.0009794235229492188,
        0.0009832382202148438,
        0.0009908676147460938,
        0.001007080078125,
        0.0010080337524414062,
        0.0010118484497070312,
        0.0010128021240234375,
        0.0010156631469726562,
        0.0010118484497070312,
        0.0010137557983398438,
        0.0010080337524414062,
        0.0010089874267578125,
        0.0010089874267578125,
        0.0010061264038085938,
        0.0010042190551757812,
        0.0010042190551757812,
        0.001003265380859375,
        0.00099945068359375,
        0.00099945068359375,
        0.00099945068359375,
        0.0010013580322265625,
        0.00099945068359375,
        0.0009908676147460938,
        0.0009937286376953125,
        0.0010061264038085938,
        0.0009946823120117188,
        0.00099945068359375
    ],
    "collaboration_score":[
        0.9990234375,
        0.9990234375,
        0.9990234375,
        0.9990234375,
        0.9990234375,
        0.9990234375,
        0.9990234375,
        0.9990234375,
        0.9990234375,
        0.9990234375,
        0.9990234375,
        0.9990234375,
        0.9990234375,
        0.9990234375,
        0.9990234375,
        0.9990234375,
        0.9990234375,
        0.9990234375,
        0.9990234375,
        0.9990234375,
        0.9990234375,
        0.9990234375,
        0.9990234375,
        0.9990234375,
        0.9990234375,
        0.9990234375,
        0.9990234375,
        0.9990234375,
        0.9990234375,
        0.9990234375,
        0.9990234375,
        0.9990234375,
        0.9990234375,
        0.9990234375,
        0.9990234375,
        0.9990234375,
        0.9990234375,
        0.9990234375,
        0.9990234375,
        0.9990234375,
        0.9990234375,
        0.9990234375,
        0.9990234375,
        0.9990234375,
        0.9990234375,
        0.9990234375,
        0.9990234375,
        0.9990234375,
        0.9990234375
    ],
    "smdl_score":[
        1.0000343322753906,
        1.0260320901870728,
        1.0336004495620728,
        1.0433557033538818,
        1.0523347854614258,
        1.0615510940551758,
        1.068734884262085,
        1.0757393836975098,
        1.082051396369934,
        1.0886294841766357,
        1.0955345630645752,
        1.1031568050384521,
        1.109474539756775,
        1.1154601573944092,
        1.1213849782943726,
        1.1267554759979248,
        1.132367491722107,
        1.13773512840271,
        1.1429044008255005,
        1.1487557888031006,
        1.1538368463516235,
        1.1578855514526367,
        1.1624418497085571,
        1.1668951511383057,
        1.1716359853744507,
        1.1759856939315796,
        1.180112600326538,
        1.1843430995941162,
        1.188680648803711,
        1.1929528713226318,
        1.1971575021743774,
        1.2011754512786865,
        1.205899953842163,
        1.2098102569580078,
        1.2135303020477295,
        1.216896653175354,
        1.2202059030532837,
        1.2235963344573975,
        1.226854681968689,
        1.2302230596542358,
        1.2336257696151733,
        1.2371749877929688,
        1.2404148578643799,
        1.2428451776504517,
        1.2454274892807007,
        1.248512625694275,
        1.250136375427246,
        1.2516721487045288,
        1.2527297735214233
    ],
    "lambda1":0.0,
    "lambda2":0.05,
    "lambda3":1.0,
    "lambda4":1.0,
    "smdl_score_max":1.2527297735214233,
    "smdl_score_max_index":48
}