{
    "sub-k":49,
    "confidence_score":[
        0.0,
        0.0,
        0.0,
        0.0,
        0.0,
        0.0,
        0.0,
        0.0,
        0.0,
        0.0,
        0.0,
        0.0,
        0.0,
        0.0,
        0.0,
        0.0,
        0.0,
        0.0,
        0.0,
        0.0,
        0.0,
        0.0,
        0.0,
        0.0,
        0.0,
        0.0,
        0.0,
        0.0,
        0.0,
        0.0,
        0.0,
        0.0,
        0.0,
        0.0,
        0.0,
        0.0,
        0.0,
        0.0,
        0.0,
        0.0,
        0.0,
        0.0,
        0.0,
        0.0,
        0.0,
        0.0,
        0.0,
        0.0,
        0.0
    ],
    "effectiveness_score":[
        0.0,
        0.4326171875,
        0.627197265625,
        0.8056640625,
        0.965087890625,
        1.1322021484375,
        1.2572021484375,
        1.382080078125,
        1.5025634765625,
        1.6239013671875,
        1.7454833984375,
        1.8740234375,
        2.012939453125,
        2.138671875,
        2.261474609375,
        2.369384765625,
        2.4696044921875,
        2.5765380859375,
        2.68310546875,
        2.7708740234375,
        2.87890625,
        2.96527099609375,
        3.05316162109375,
        3.13873291015625,
        3.21307373046875,
        3.29083251953125,
        3.36138916015625,
        3.43585205078125,
        3.5018310546875,
        3.56756591796875,
        3.64166259765625,
        3.71282958984375,
        3.7884521484375,
        3.85614013671875,
        3.91693115234375,
        3.98480224609375,
        4.05206298828125,
        4.11090087890625,
        4.1702880859375,
        4.22393798828125,
        4.28472900390625,
        4.334716796875,
        4.39263916015625,
        4.44476318359375,
        4.5126953125,
        4.56170654296875,
        4.60723876953125,
        4.6473388671875,
        4.6669921875
    ],
    "consistency_score":[
        0.0010156631469726562,
        0.0009860992431640625,
        0.0009851455688476562,
        0.0009908676147460938,
        0.0010004043579101562,
        0.0009965896606445312,
        0.0009918212890625,
        0.0009851455688476562,
        0.0009975433349609375,
        0.0009975433349609375,
        0.0009927749633789062,
        0.0009918212890625,
        0.0009975433349609375,
        0.0009908676147460938,
        0.0009889602661132812,
        0.0009899139404296875,
        0.0009908676147460938,
        0.0009889602661132812,
        0.0009975433349609375,
        0.0009975433349609375,
        0.0009946823120117188,
        0.0010023117065429688,
        0.0009975433349609375,
        0.0009975433349609375,
        0.0010013580322265625,
        0.001007080078125,
        0.0010080337524414062,
        0.0010080337524414062,
        0.0010061264038085938,
        0.0009984970092773438,
        0.0009937286376953125,
        0.0009965896606445312,
        0.0009965896606445312,
        0.0009965896606445312,
        0.00099945068359375,
        0.00099945068359375,
        0.0010042190551757812,
        0.0010061264038085938,
        0.00101470947265625,
        0.0010166168212890625,
        0.0010175704956054688,
        0.0010175704956054688,
        0.0010128021240234375,
        0.001010894775390625,
        0.0010080337524414062,
        0.00101470947265625,
        0.0010204315185546875,
        0.0010156631469726562,
        0.001010894775390625
    ],
    "collaboration_score":[
        0.9990234375,
        0.9990234375,
        0.9990234375,
        0.9990234375,
        0.9990234375,
        0.9990234375,
        0.9990234375,
        0.9990234375,
        0.9990234375,
        0.9990234375,
        0.9990234375,
        0.9990234375,
        0.9990234375,
        0.9990234375,
        0.9990234375,
        0.9990234375,
        0.9990234375,
        0.9990234375,
        0.9990234375,
        0.9990234375,
        0.9990234375,
        0.9990234375,
        0.9990234375,
        0.9990234375,
        0.9990234375,
        0.9990234375,
        0.9990234375,
        0.9990234375,
        0.9990234375,
        0.9990234375,
        0.9990234375,
        0.9990234375,
        0.9990234375,
        0.9990234375,
        0.9990234375,
        0.9990234375,
        0.9990234375,
        0.9990234375,
        0.9990234375,
        0.9990234375,
        0.9990234375,
        0.9990234375,
        0.9990234375,
        0.9990234375,
        0.9990234375,
        0.9990234375,
        0.9990234375,
        0.9990234375,
        0.9990234375
    ],
    "smdl_score":[
        1.0000391006469727,
        1.021640419960022,
        1.0313684940338135,
        1.040297508239746,
        1.0482782125473022,
        1.0566301345825195,
        1.0628753900527954,
        1.0691125392913818,
        1.0751491785049438,
        1.0812160968780518,
        1.0872904062271118,
        1.0937163829803467,
        1.100667953491211,
        1.106947898864746,
        1.1130861043930054,
        1.1184825897216797,
        1.1234945058822632,
        1.1288392543792725,
        1.134176254272461,
        1.1385647058486938,
        1.1439634561538696,
        1.1482893228530884,
        1.1526790857315063,
        1.1569576263427734,
        1.160678505897522,
        1.1645721197128296,
        1.1681009531021118,
        1.1718240976333618,
        1.1751210689544678,
        1.1784002780914307,
        1.1821002960205078,
        1.1856615543365479,
        1.1894426345825195,
        1.1928269863128662,
        1.1958694458007812,
        1.1992629766464233,
        1.2026307582855225,
        1.205574631690979,
        1.208552598953247,
        1.2112369537353516,
        1.2142775058746338,
        1.2167768478393555,
        1.2196681499481201,
        1.222272515296936,
        1.2256662845611572,
        1.228123426437378,
        1.2304058074951172,
        1.2324060201644897,
        1.2333838939666748
    ],
    "lambda1":0.0,
    "lambda2":0.05,
    "lambda3":1.0,
    "lambda4":1.0,
    "smdl_score_max":1.2333838939666748,
    "smdl_score_max_index":48
}