{
    "sub-k":49,
    "confidence_score":[
        0.0,
        0.0,
        0.0,
        0.0,
        0.0,
        0.0,
        0.0,
        0.0,
        0.0,
        0.0,
        0.0,
        0.0,
        0.0,
        0.0,
        0.0,
        0.0,
        0.0,
        0.0,
        0.0,
        0.0,
        0.0,
        0.0,
        0.0,
        0.0,
        0.0,
        0.0,
        0.0,
        0.0,
        0.0,
        0.0,
        0.0,
        0.0,
        0.0,
        0.0,
        0.0,
        0.0,
        0.0,
        0.0,
        0.0,
        0.0,
        0.0,
        0.0,
        0.0,
        0.0,
        0.0,
        0.0,
        0.0,
        0.0,
        0.0
    ],
    "effectiveness_score":[
        0.0,
        0.479736328125,
        0.6558837890625,
        0.8604736328125,
        1.028564453125,
        1.166259765625,
        1.280517578125,
        1.41650390625,
        1.5594482421875,
        1.6893310546875,
        1.818115234375,
        1.9459228515625,
        2.0675048828125,
        2.1861572265625,
        2.30078125,
        2.4097900390625,
        2.5196533203125,
        2.628173828125,
        2.7454833984375,
        2.848388671875,
        2.9493408203125,
        3.04400634765625,
        3.13128662109375,
        3.22674560546875,
        3.31964111328125,
        3.4139404296875,
        3.50164794921875,
        3.578369140625,
        3.65716552734375,
        3.73284912109375,
        3.82550048828125,
        3.909423828125,
        3.984375,
        4.05853271484375,
        4.1419677734375,
        4.214111328125,
        4.28155517578125,
        4.33685302734375,
        4.40435791015625,
        4.47039794921875,
        4.5279541015625,
        4.59234619140625,
        4.6451416015625,
        4.697265625,
        4.7467041015625,
        4.79229736328125,
        4.82373046875,
        4.83856201171875,
        4.844482421875
    ],
    "consistency_score":[
        0.00103759765625,
        0.0009937286376953125,
        0.0010128021240234375,
        0.001026153564453125,
        0.00101470947265625,
        0.0010042190551757812,
        0.0010080337524414062,
        0.00099945068359375,
        0.000995635986328125,
        0.0009860992431640625,
        0.0009870529174804688,
        0.000988006591796875,
        0.0009870529174804688,
        0.0009822845458984375,
        0.000980377197265625,
        0.0009794235229492188,
        0.0009794235229492188,
        0.0009760856628417969,
        0.0009684562683105469,
        0.0009675025939941406,
        0.0009660720825195312,
        0.0009670257568359375,
        0.0009684562683105469,
        0.0009765625,
        0.0009756088256835938,
        0.0009765625,
        0.0009784698486328125,
        0.000980377197265625,
        0.0009756088256835938,
        0.0009775161743164062,
        0.0009784698486328125,
        0.0009784698486328125,
        0.0009765625,
        0.0009775161743164062,
        0.0009760856628417969,
        0.0009775161743164062,
        0.0009784698486328125,
        0.0009794235229492188,
        0.0009832382202148438,
        0.00098419189453125,
        0.0009860992431640625,
        0.0009851455688476562,
        0.0009813308715820312,
        0.0009870529174804688,
        0.00098419189453125,
        0.0009813308715820312,
        0.0009794235229492188,
        0.0009765625,
        0.0009737014770507812
    ],
    "collaboration_score":[
        0.9990234375,
        0.9990234375,
        0.9990234375,
        0.9990234375,
        0.9990234375,
        0.9990234375,
        0.9990234375,
        0.9990234375,
        0.9990234375,
        0.9990234375,
        0.9990234375,
        0.9990234375,
        0.9990234375,
        0.9990234375,
        0.9990234375,
        0.9990234375,
        0.9990234375,
        0.9990234375,
        0.9990234375,
        0.9990234375,
        0.9990234375,
        0.9990234375,
        0.9990234375,
        0.9990234375,
        0.9990234375,
        0.9990234375,
        0.9990234375,
        0.9990234375,
        0.9990234375,
        0.9990234375,
        0.9990234375,
        0.9990234375,
        0.9990234375,
        0.9990234375,
        0.9990234375,
        0.9990234375,
        0.9990234375,
        0.9990234375,
        0.9990234375,
        0.9990234375,
        0.9990234375,
        0.9990234375,
        0.9990234375,
        0.9990234375,
        0.9990234375,
        0.9990234375,
        0.9990234375,
        0.9990234375,
        0.9990234375
    ],
    "smdl_score":[
        1.00006103515625,
        1.0240039825439453,
        1.0328304767608643,
        1.043073296546936,
        1.0514663457870483,
        1.0583406686782837,
        1.0640573501586914,
        1.0708481073379517,
        1.0779914855957031,
        1.084476113319397,
        1.0909162759780884,
        1.097307562828064,
        1.1033856868743896,
        1.1093136072158813,
        1.1150429248809814,
        1.1204923391342163,
        1.1259855031967163,
        1.1314082145690918,
        1.1372660398483276,
        1.142410397529602,
        1.1474565267562866,
        1.1521908044815063,
        1.156556248664856,
        1.1613372564315796,
        1.1659810543060303,
        1.1706969738006592,
        1.1750843524932861,
        1.1789222955703735,
        1.1828572750091553,
        1.186643362045288,
        1.1912769079208374,
        1.195473074913025,
        1.19921875,
        1.202927589416504,
        1.2070978879928589,
        1.2107064723968506,
        1.2140796184539795,
        1.2168455123901367,
        1.2202246189117432,
        1.2235275506973267,
        1.2264072895050049,
        1.229625940322876,
        1.2322618961334229,
        1.2348737716674805,
        1.2373428344726562,
        1.2396196126937866,
        1.2411893606185913,
        1.2419281005859375,
        1.2422212362289429
    ],
    "lambda1":0.0,
    "lambda2":0.05,
    "lambda3":1.0,
    "lambda4":1.0,
    "smdl_score_max":1.2422212362289429,
    "smdl_score_max_index":48
}